{"class_name": "Functional", "config": {"name": "model", "layers": [{"class_name": "InputLayer", "config": {"batch_input_shape": [null, 101], "dtype": "float32", "sparse": false, "ragged": false, "name": "input_1"}, "name": "input_1", "inbound_nodes": []}, {"class_name": "Dense", "config": {"name": "dense", "trainable": true, "dtype": "float32", "units": 101, "activation": "relu", "use_bias": true, "kernel_initializer": {"class_name": "GlorotUniform", "config": {"seed": null}}, "bias_initializer": {"class_name": "Zeros", "config": {}}, "kernel_regularizer": null, "bias_regularizer": null, "activity_regularizer": null, "kernel_constraint": null, "bias_constraint": null}, "name": "dense", "inbound_nodes": [[["input_1", 0, 0, {}]]]}, {"class_name": "Dense", "config": {"name": "dense_1", "trainable": true, "dtype": "float32", "units": 101, "activation": "relu", "use_bias": true, "kernel_initializer": {"class_name": "GlorotUniform", "config": {"seed": null}}, "bias_initializer": {"class_name": "Zeros", "config": {}}, "kernel_regularizer": null, "bias_regularizer": null, "activity_regularizer": null, "kernel_constraint": null, "bias_constraint": null}, "name": "dense_1", "inbound_nodes": [[["dense", 0, 0, {}]]]}, {"class_name": "Add", "config": {"name": "add_1", "trainable": true, "dtype": "float32"}, "name": "add_1", "inbound_nodes": [[["dense", 0, 0, {}], ["dense_1", 0, 0, {}]]]}, {"class_name": "Dense", "config": {"name": "dense_2", "trainable": true, "dtype": "float32", "units": 101, "activation": "relu", "use_bias": true, "kernel_initializer": {"class_name": "GlorotUniform", "config": {"seed": null}}, "bias_initializer": {"class_name": "Zeros", "config": {}}, "kernel_regularizer": null, "bias_regularizer": null, "activity_regularizer": null, "kernel_constraint": null, "bias_constraint": null}, "name": "dense_2", "inbound_nodes": [[["add_1", 0, 0, {}]]]}, {"class_name": "Add", "config": {"name": "add_2", "trainable": true, "dtype": "float32"}, "name": "add_2", "inbound_nodes": [[["add_1", 0, 0, {}], ["dense_2", 0, 0, {}]]]}, {"class_name": "Dense", "config": {"name": "dense_3", "trainable": true, "dtype": "float32", "units": 101, "activation": "relu", "use_bias": true, "kernel_initializer": {"class_name": "GlorotUniform", "config": {"seed": null}}, "bias_initializer": {"class_name": "Zeros", "config": {}}, "kernel_regularizer": null, "bias_regularizer": null, "activity_regularizer": null, "kernel_constraint": null, "bias_constraint": null}, "name": "dense_3", "inbound_nodes": [[["add_2", 0, 0, {}]]]}, {"class_name": "Add", "config": {"name": "add_3", "trainable": true, "dtype": "float32"}, "name": "add_3", "inbound_nodes": [[["add_2", 0, 0, {}], ["dense_3", 0, 0, {}]]]}, {"class_name": "Dense", "config": {"name": "dense_4", "trainable": true, "dtype": "float32", "units": 101, "activation": "relu", "use_bias": true, "kernel_initializer": {"class_name": "GlorotUniform", "config": {"seed": null}}, "bias_initializer": {"class_name": "Zeros", "config": {}}, "kernel_regularizer": null, "bias_regularizer": null, "activity_regularizer": null, "kernel_constraint": null, "bias_constraint": null}, "name": "dense_4", "inbound_nodes": [[["add_3", 0, 0, {}]]]}, {"class_name": "Add", "config": {"name": "add_4", "trainable": true, "dtype": "float32"}, "name": "add_4", "inbound_nodes": [[["add_3", 0, 0, {}], ["dense_4", 0, 0, {}]]]}, {"class_name": "Dense", "config": {"name": "dense_5", "trainable": true, "dtype": "float32", "units": 101, "activation": "relu", "use_bias": true, "kernel_initializer": {"class_name": "GlorotUniform", "config": {"seed": null}}, "bias_initializer": {"class_name": "Zeros", "config": {}}, "kernel_regularizer": null, "bias_regularizer": null, "activity_regularizer": null, "kernel_constraint": null, "bias_constraint": null}, "name": "dense_5", "inbound_nodes": [[["add_4", 0, 0, {}]]]}, {"class_name": "Add", "config": {"name": "add_5", "trainable": true, "dtype": "float32"}, "name": "add_5", "inbound_nodes": [[["add_4", 0, 0, {}], ["dense_5", 0, 0, {}]]]}, {"class_name": "Dense", "config": {"name": "dense_6", "trainable": true, "dtype": "float32", "units": 101, "activation": "relu", "use_bias": true, "kernel_initializer": {"class_name": "GlorotUniform", "config": {"seed": null}}, "bias_initializer": {"class_name": "Zeros", "config": {}}, "kernel_regularizer": null, "bias_regularizer": null, "activity_regularizer": null, "kernel_constraint": null, "bias_constraint": null}, "name": "dense_6", "inbound_nodes": [[["add_5", 0, 0, {}]]]}, {"class_name": "Add", "config": {"name": "add_6", "trainable": true, "dtype": "float32"}, "name": "add_6", "inbound_nodes": [[["add_5", 0, 0, {}], ["dense_6", 0, 0, {}]]]}, {"class_name": "Dense", "config": {"name": "dense_7", "trainable": true, "dtype": "float32", "units": 101, "activation": "relu", "use_bias": true, "kernel_initializer": {"class_name": "GlorotUniform", "config": {"seed": null}}, "bias_initializer": {"class_name": "Zeros", "config": {}}, "kernel_regularizer": null, "bias_regularizer": null, "activity_regularizer": null, "kernel_constraint": null, "bias_constraint": null}, "name": "dense_7", "inbound_nodes": [[["add_6", 0, 0, {}]]]}, {"class_name": "Add", "config": {"name": "add_7", "trainable": true, "dtype": "float32"}, "name": "add_7", "inbound_nodes": [[["add_6", 0, 0, {}], ["dense_7", 0, 0, {}]]]}, {"class_name": "Dense", "config": {"name": "dense_8", "trainable": true, "dtype": "float32", "units": 101, "activation": "relu", "use_bias": true, "kernel_initializer": {"class_name": "GlorotUniform", "config": {"seed": null}}, "bias_initializer": {"class_name": "Zeros", "config": {}}, "kernel_regularizer": null, "bias_regularizer": null, "activity_regularizer": null, "kernel_constraint": null, "bias_constraint": null}, "name": "dense_8", "inbound_nodes": [[["add_7", 0, 0, {}]]]}, {"class_name": "Add", "config": {"name": "add_8", "trainable": true, "dtype": "float32"}, "name": "add_8", "inbound_nodes": [[["add_7", 0, 0, {}], ["dense_8", 0, 0, {}]]]}, {"class_name": "Dense", "config": {"name": "dense_9", "trainable": true, "dtype": "float32", "units": 101, "activation": "relu", "use_bias": true, "kernel_initializer": {"class_name": "GlorotUniform", "config": {"seed": null}}, "bias_initializer": {"class_name": "Zeros", "config": {}}, "kernel_regularizer": null, "bias_regularizer": null, "activity_regularizer": null, "kernel_constraint": null, "bias_constraint": null}, "name": "dense_9", "inbound_nodes": [[["add_8", 0, 0, {}]]]}, {"class_name": "Add", "config": {"name": "add_9", "trainable": true, "dtype": "float32"}, "name": "add_9", "inbound_nodes": [[["add_8", 0, 0, {}], ["dense_9", 0, 0, {}]]]}, {"class_name": "Dense", "config": {"name": "dense_10", "trainable": true, "dtype": "float32", "units": 1, "activation": "sigmoid", "use_bias": true, "kernel_initializer": {"class_name": "GlorotUniform", "config": {"seed": null}}, "bias_initializer": {"class_name": "Zeros", "config": {}}, "kernel_regularizer": null, "bias_regularizer": null, "activity_regularizer": null, "kernel_constraint": null, "bias_constraint": null}, "name": "dense_10", "inbound_nodes": [[["add_9", 0, 0, {}]]]}], "input_layers": [["input_1", 0, 0]], "output_layers": [["dense_10", 0, 0]]}, "keras_version": "2.9.0", "backend": "tensorflow"}