{"class_name": "Functional", "config": {"name": "model", "layers": [{"class_name": "InputLayer", "config": {"batch_input_shape": [null, 231], "dtype": "float32", "sparse": false, "ragged": false, "name": "input_1"}, "name": "input_1", "inbound_nodes": []}, {"class_name": "Dense", "config": {"name": "dense", "trainable": true, "dtype": "float32", "units": 231, "activation": "sigmoid", "use_bias": true, "kernel_initializer": {"class_name": "GlorotUniform", "config": {"seed": null}}, "bias_initializer": {"class_name": "Zeros", "config": {}}, "kernel_regularizer": null, "bias_regularizer": null, "activity_regularizer": null, "kernel_constraint": null, "bias_constraint": null}, "name": "dense", "inbound_nodes": [[["input_1", 0, 0, {}]]]}, {"class_name": "Dense", "config": {"name": "dense_45", "trainable": true, "dtype": "float32", "units": 231, "activation": "sigmoid", "use_bias": true, "kernel_initializer": {"class_name": "GlorotUniform", "config": {"seed": null}}, "bias_initializer": {"class_name": "Zeros", "config": {}}, "kernel_regularizer": null, "bias_regularizer": null, "activity_regularizer": null, "kernel_constraint": null, "bias_constraint": null}, "name": "dense_45", "inbound_nodes": [[["dense", 0, 0, {}]]]}, {"class_name": "Add", "config": {"name": "add_9", "trainable": true, "dtype": "float32"}, "name": "add_9", "inbound_nodes": [[["input_1", 0, 0, {}], ["dense_45", 0, 0, {}]]]}, {"class_name": "Dense", "config": {"name": "dense_50", "trainable": true, "dtype": "float32", "units": 1, "activation": "sigmoid", "use_bias": true, "kernel_initializer": {"class_name": "GlorotUniform", "config": {"seed": null}}, "bias_initializer": {"class_name": "Zeros", "config": {}}, "kernel_regularizer": null, "bias_regularizer": null, "activity_regularizer": null, "kernel_constraint": null, "bias_constraint": null}, "name": "dense_50", "inbound_nodes": [[["add_9", 0, 0, {}]]]}], "input_layers": [["input_1", 0, 0]], "output_layers": [["dense_50", 0, 0]]}, "keras_version": "2.7.0", "backend": "tensorflow"}